{"count":1,"self":18.2101728,"total":107.69869999999999,"children":{"AgentResetIfDone":{"count":1223,"self":0.035072,"total":0.035072,"children":null},"AgentSendState":{"count":1223,"self":0.068049,"total":0.11932,"children":{"CollectObservations":{"count":2940,"self":0.051271,"total":0.051271,"children":null}}},"DecideAction":{"count":1223,"self":0.033226,"total":0.033226,"children":null},"AcademyStep":{"count":1223,"self":0.019063999999999998,"total":0.019063999999999998,"children":null},"AgentAct":{"count":1223,"self":89.2808896,"total":89.280892,"children":null}}}