{"count":1,"self":39.3157632,"total":118.877157,"children":{"AgentResetIfDone":{"count":2622,"self":0.08032099999999999,"total":0.08032099999999999,"children":null},"AgentSendState":{"count":2622,"self":0.19991599999999998,"total":0.31420899999999996,"children":{"CollectObservations":{"count":6300,"self":0.11429299999999999,"total":0.11429299999999999,"children":null}}},"DecideAction":{"count":2622,"self":0.986965,"total":0.986965,"children":null},"AcademyStep":{"count":2622,"self":0.044021,"total":0.044021,"children":null},"AgentAct":{"count":2622,"self":78.135116799999992,"total":78.135116,"children":null}}}
