{"count":1,"self":17.0108128,"total":33.684491,"children":{"AgentResetIfDone":{"count":976,"self":0.030317999999999998,"total":0.030317999999999998,"children":null},"AgentSendState":{"count":976,"self":0.077972,"total":0.124539,"children":{"CollectObservations":{"count":2352,"self":0.046567,"total":0.046567,"children":null}}},"DecideAction":{"count":976,"self":0.408483,"total":0.408483,"children":null},"AcademyStep":{"count":976,"self":0.016391,"total":0.016391,"children":null},"AgentAct":{"count":976,"self":16.093176,"total":16.093176,"children":null}}}