{"count":1,"self":8.9359928,"total":27.376298,"children":{"AgentResetIfDone":{"count":384,"self":0.02652,"total":0.02652,"children":null},"AgentSendState":{"count":384,"self":0.062456,"total":0.098709999999999992,"children":{"CollectObservations":{"count":924,"self":0.036254,"total":0.036254,"children":null}}},"DecideAction":{"count":384,"self":0.392455,"total":0.392455,"children":null},"AcademyStep":{"count":384,"self":0.012735,"total":0.012735,"children":null},"AgentAct":{"count":384,"self":17.908681599999998,"total":17.908680999999998,"children":null}}}