{"count":1,"self":6.0384579999999994,"total":6.9283019999999995,"children":{"AgentResetIfDone":{"count":230,"self":0.020048,"total":0.020048,"children":null},"AgentSendState":{"count":230,"self":0.076427,"total":0.22636499999999998,"children":{"CollectObservations":{"count":1472,"self":0.149938,"total":0.149938,"children":null}}},"DecideAction":{"count":230,"self":0.605991,"total":0.605991,"children":null},"AcademyStep":{"count":230,"self":0.006077,"total":0.006077,"children":null},"AgentAct":{"count":230,"self":0.029594,"total":0.029594,"children":null}}}