{"count":1,"self":0.932927,"total":7.5062669999999994,"children":{"AgentResetIfDone":{"count":26,"self":0.001163,"total":0.001163,"children":null},"AgentSendState":{"count":26,"self":0.0033529999999999996,"total":0.005941,"children":{"CollectObservations":{"count":72,"self":0.002588,"total":0.002588,"children":null}}},"DecideAction":{"count":26,"self":0.001181,"total":0.001181,"children":null},"AcademyStep":{"count":26,"self":0.00056799999999999993,"total":0.00056799999999999993,"children":null},"AgentAct":{"count":26,"self":6.563668,"total":6.563668,"children":null}}}