{"count":1,"self":141.79843839999998,"total":409.381805,"children":{"AgentResetIfDone":{"count":9009,"self":0.44216,"total":0.44216,"children":null},"AgentSendState":{"count":9009,"self":1.161939,"total":1.853416,"children":{"CollectObservations":{"count":21624,"self":0.691477,"total":0.691477,"children":null}}},"DecideAction":{"count":9009,"self":6.3011447999999994,"total":6.301145,"children":null},"AcademyStep":{"count":9009,"self":0.24853799999999998,"total":0.24853799999999998,"children":null},"AgentAct":{"count":9009,"self":258.7359744,"total":258.73598699999997,"children":null}}}