{"count":1,"self":16.0193904,"total":30.051745999999998,"children":{"AgentResetIfDone":{"count":1194,"self":0.029737999999999997,"total":0.029737999999999997,"children":null},"AgentSendState":{"count":1194,"self":0.061072999999999995,"total":0.10606499999999999,"children":{"CollectObservations":{"count":2868,"self":0.044992,"total":0.044992,"children":null}}},"DecideAction":{"count":1194,"self":0.030611,"total":0.030611,"children":null},"AcademyStep":{"count":1194,"self":0.017495,"total":0.017495,"children":null},"AgentAct":{"count":1194,"self":13.8475168,"total":13.847517,"children":null}}}