{"count":1,"self":5.3752192,"total":9.622428,"children":{"AgentResetIfDone":{"count":47,"self":0.007723,"total":0.007723,"children":null},"AgentSendState":{"count":47,"self":0.029054999999999997,"total":0.045472,"children":{"CollectObservations":{"count":120,"self":0.016416999999999998,"total":0.016416999999999998,"children":null}}},"DecideAction":{"count":47,"self":0.263405,"total":0.263405,"children":null},"AcademyStep":{"count":47,"self":0.004777,"total":0.004777,"children":null},"AgentAct":{"count":47,"self":3.9213951999999996,"total":3.921395,"children":null}}}