{"count":1,"self":12.440116,"total":26.035795999999998,"children":{"AgentResetIfDone":{"count":946,"self":0.0298,"total":0.0298,"children":null},"AgentSendState":{"count":946,"self":0.078746,"total":0.130419,"children":{"CollectObservations":{"count":2280,"self":0.051673,"total":0.051673,"children":null}}},"DecideAction":{"count":946,"self":0.031931999999999995,"total":0.031931999999999995,"children":null},"AcademyStep":{"count":946,"self":0.018534,"total":0.018534,"children":null},"AgentAct":{"count":946,"self":13.383857599999999,"total":13.383858,"children":null}}}