{"count":1,"self":98.8891968,"total":312.49881,"children":{"AgentResetIfDone":{"count":6256,"self":0.18495799999999998,"total":0.18495799999999998,"children":null},"AgentSendState":{"count":6256,"self":0.40746899999999997,"total":0.671311,"children":{"CollectObservations":{"count":15024,"self":0.26384199999999997,"total":0.26384199999999997,"children":null}}},"DecideAction":{"count":6256,"self":0.180898,"total":0.180898,"children":null},"AcademyStep":{"count":6256,"self":0.101201,"total":0.101201,"children":null},"AgentAct":{"count":6256,"self":212.4705536,"total":212.47055999999998,"children":null}}}