{"count":1,"self":10.3252784,"total":10.906248999999999,"children":{"AgentResetIfDone":{"count":484,"self":0.012721,"total":0.012721,"children":null},"AgentSendState":{"count":484,"self":0.016928,"total":0.104019,"children":{"CollectObservations":{"count":3104,"self":0.087091,"total":0.087091,"children":null}}},"DecideAction":{"count":484,"self":0.438975,"total":0.438975,"children":null},"AcademyStep":{"count":484,"self":0.00099899999999999989,"total":0.00099899999999999989,"children":null},"AgentAct":{"count":484,"self":0.022501,"total":0.022501,"children":null}}}