{"count":1,"self":1066.1522432,"total":1088.437716,"children":{"AgentResetIfDone":{"count":53729,"self":2.777592,"total":2.777592,"children":null},"AgentSendState":{"count":53729,"self":6.7127216,"total":10.964278,"children":{"CollectObservations":{"count":128952,"self":4.251556,"total":4.251556,"children":null}}},"DecideAction":{"count":53729,"self":2.702719,"total":2.702719,"children":null},"AcademyStep":{"count":53729,"self":1.632785,"total":1.632785,"children":null},"AgentAct":{"count":53729,"self":4.2070792,"total":4.207079,"children":null}}}