{"count":1,"self":226.4022784,"total":835.415387,"children":{"AgentResetIfDone":{"count":13391,"self":0.728698,"total":0.728698,"children":null},"AgentSendState":{"count":13391,"self":1.857769,"total":2.936645,"children":{"CollectObservations":{"count":32148,"self":1.078876,"total":1.078876,"children":null}}},"DecideAction":{"count":13391,"self":9.9450767999999989,"total":9.945077,"children":null},"AcademyStep":{"count":13391,"self":0.37893299999999996,"total":0.37893299999999996,"children":null},"AgentAct":{"count":13391,"self":595.02279679999992,"total":595.022781,"children":null}}}