{"count":1,"self":3.54656,"total":7.367064,"children":{"AgentResetIfDone":{"count":363,"self":0.037884999999999995,"total":0.037884999999999995,"children":null},"AgentSendState":{"count":363,"self":0.34567,"total":0.922087,"children":{"CollectObservations":{"count":2336,"self":0.576417,"total":0.576417,"children":null}}},"DecideAction":{"count":363,"self":2.619099,"total":2.7351199999999998,"children":{"AgentInfo.ToProto":{"count":73,"self":0.116021,"total":0.116021,"children":null}}},"AcademyStep":{"count":363,"self":0.027169,"total":0.027169,"children":null},"AgentAct":{"count":363,"self":0.087808,"total":0.087808,"children":null}}}