{"count":1,"gauges":{},"self":169.19175679999998,"total":179.45202,"children":{"AgentResetIfDone":{"count":8821,"self":0.025353,"total":0.025353,"children":null},"AgentSendState":{"count":8821,"self":0.025075999999999998,"total":0.027052999999999997,"children":{"CollectObservations":{"count":980,"self":0.001977,"total":0.001977,"children":null}}},"DecideAction":{"count":8821,"self":10.1590928,"total":10.175184999999999,"children":{"AgentInfo.ToProto":{"count":980,"self":0.016092,"total":0.016092,"children":null}}},"AcademyStep":{"count":8821,"self":0.013845999999999999,"total":0.013845999999999999,"children":null},"AgentAct":{"count":8821,"self":0.016914,"total":0.016914,"children":null}}}