{"count":1,"gauges":{},"self":11.036856799999999,"total":12.522352999999999,"children":{"AgentResetIfDone":{"count":581,"self":0.007793,"total":0.007793,"children":null},"AgentSendState":{"count":581,"self":0.018534,"total":0.027895999999999997,"children":{"CollectObservations":{"count":1404,"self":0.0093619999999999988,"total":0.0093619999999999988,"children":null}}},"DecideAction":{"count":581,"self":1.397271,"total":1.41519,"children":{"AgentInfo.ToProto":{"count":117,"self":0.017919,"total":0.017919,"children":null}}},"AcademyStep":{"count":581,"self":0.002111,"total":0.002111,"children":null},"AgentAct":{"count":581,"self":0.030174999999999997,"total":0.030174999999999997,"children":null}}}