{"count":1,"gauges":{},"self":99.662079999999989,"total":109.131991,"children":{"AgentResetIfDone":{"count":5185,"self":0.023542999999999998,"total":0.023542999999999998,"children":null},"AgentSendState":{"count":5185,"self":0.01908,"total":0.020404,"children":{"CollectObservations":{"count":576,"self":0.0013239999999999999,"total":0.0013239999999999999,"children":null}}},"DecideAction":{"count":5185,"self":9.3906568,"total":9.403347,"children":{"AgentInfo.ToProto":{"count":576,"self":0.01269,"total":0.01269,"children":null}}},"AcademyStep":{"count":5185,"self":0.009306,"total":0.009306,"children":null},"AgentAct":{"count":5185,"self":0.011382999999999999,"total":0.011382999999999999,"children":null}}}