{"count":1,"self":194.92840959999998,"total":197.995372,"children":{"AgentResetIfDone":{"count":9756,"self":0.342489,"total":0.342489,"children":null},"AgentSendState":{"count":9756,"self":0.613437,"total":1.060035,"children":{"CollectObservations":{"count":23424,"self":0.446598,"total":0.446598,"children":null}}},"DecideAction":{"count":9756,"self":0.545096,"total":0.545096,"children":null},"AcademyStep":{"count":9756,"self":0.131775,"total":0.131775,"children":null},"AgentAct":{"count":9756,"self":0.97351199999999993,"total":0.97351199999999993,"children":null}}}