{"count":1,"self":2.142711,"total":6.565281,"children":{"AgentResetIfDone":{"count":2484,"self":0.015460999999999999,"total":0.015460999999999999,"children":null},"AgentSendState":{"count":2484,"self":0.048513999999999995,"total":0.063014,"children":{"CollectObservations":{"count":5964,"self":0.014499999999999999,"total":0.014499999999999999,"children":null}}},"DecideAction":{"count":2484,"self":4.266068,"total":4.294338,"children":{"AgentInfo.ToProto":{"count":497,"self":0.02827,"total":0.02827,"children":null}}},"AcademyStep":{"count":2484,"self":0.004567,"total":0.004567,"children":null},"AgentAct":{"count":2484,"self":0.043389,"total":0.043389,"children":null}}}