{"count":1,"gauges":{},"self":297.98709759999997,"total":317.005354,"children":{"AgentResetIfDone":{"count":15670,"self":0.077623,"total":0.077623,"children":null},"AgentSendState":{"count":15670,"self":0.05513,"total":0.059199999999999996,"children":{"CollectObservations":{"count":1741,"self":0.00407,"total":0.00407,"children":null}}},"DecideAction":{"count":15670,"self":18.7780608,"total":18.813679999999998,"children":{"AgentInfo.ToProto":{"count":1741,"self":0.03562,"total":0.03562,"children":null}}},"AcademyStep":{"count":15670,"self":0.029597,"total":0.029597,"children":null},"AgentAct":{"count":15670,"self":0.036225,"total":0.036225,"children":null}}}