{"count":1,"gauges":{},"self":469.6674816,"total":531.633754,"children":{"AgentResetIfDone":{"count":26391,"self":0.17354799999999998,"total":0.17354799999999998,"children":null},"AgentSendState":{"count":26391,"self":0.349884,"total":0.542986,"children":{"CollectObservations":{"count":63348,"self":0.193102,"total":0.193102,"children":null}}},"DecideAction":{"count":26391,"self":60.334790399999996,"total":60.522954999999996,"children":{"AgentInfo.ToProto":{"count":5279,"self":0.188163,"total":0.188163,"children":null}}},"AcademyStep":{"count":26391,"self":0.052987,"total":0.052987,"children":null},"AgentAct":{"count":26391,"self":0.671771,"total":0.671771,"children":null}}}