{"count":1,"gauges":{},"self":215.45807359999998,"total":250.574267,"children":{"AgentResetIfDone":{"count":12295,"self":0.068149,"total":0.068149,"children":null},"AgentSendState":{"count":12295,"self":0.048086,"total":0.051508,"children":{"CollectObservations":{"count":1366,"self":0.0034219999999999997,"total":0.0034219999999999997,"children":null}}},"DecideAction":{"count":12295,"self":34.9114496,"total":34.935945,"children":{"AgentInfo.ToProto":{"count":1366,"self":0.024494,"total":0.024494,"children":null}}},"AcademyStep":{"count":12295,"self":0.025983,"total":0.025983,"children":null},"AgentAct":{"count":12295,"self":0.031908,"total":0.031908,"children":null}}}