{"count":1,"self":55.226015999999994,"total":554.765538,"children":{"AgentResetIfDone":{"count":216834,"self":0.638751,"total":0.638751,"children":null},"AgentSendState":{"count":216834,"self":3.3580351999999998,"total":4.490085,"children":{"CollectObservations":{"count":520404,"self":1.13205,"total":1.13205,"children":null}}},"DecideAction":{"count":216834,"self":486.95413759999997,"total":490.13676499999997,"children":{"AgentInfo.ToProto":{"count":43367,"self":3.1826239999999997,"total":3.1826239999999997,"children":null}}},"AcademyStep":{"count":216834,"self":0.364602,"total":0.364602,"children":null},"AgentAct":{"count":216834,"self":3.9075072,"total":3.907507,"children":null}}}