{"count":1,"gauges":{},"self":50.4917568,"total":62.084509999999995,"children":{"AgentResetIfDone":{"count":2962,"self":0.068794,"total":0.068794,"children":null},"AgentSendState":{"count":2962,"self":0.083107,"total":0.090655,"children":{"CollectObservations":{"count":329,"self":0.007548,"total":0.007548,"children":null}}},"DecideAction":{"count":2962,"self":11.2931832,"total":11.344749,"children":{"AgentInfo.ToProto":{"count":329,"self":0.051566,"total":0.051566,"children":null}}},"AcademyStep":{"count":2962,"self":0.042804999999999996,"total":0.042804999999999996,"children":null},"AgentAct":{"count":2962,"self":0.041819999999999996,"total":0.041819999999999996,"children":null}}}