{"count":1,"gauges":{},"self":410.08102399999996,"total":427.90594,"children":{"AgentResetIfDone":{"count":20950,"self":0.11803699999999999,"total":0.11803699999999999,"children":null},"AgentSendState":{"count":20950,"self":0.076625,"total":0.082173,"children":{"CollectObservations":{"count":2327,"self":0.005548,"total":0.005548,"children":null}}},"DecideAction":{"count":20950,"self":17.485873599999998,"total":17.531222,"children":{"AgentInfo.ToProto":{"count":2327,"self":0.045348,"total":0.045348,"children":null}}},"AcademyStep":{"count":20950,"self":0.041578,"total":0.041578,"children":null},"AgentAct":{"count":20950,"self":0.049965999999999997,"total":0.049965999999999997,"children":null}}}