{"count":1,"gauges":{},"self":142.5483392,"total":253.54635399999998,"children":{"AgentResetIfDone":{"count":12448,"self":0.052979,"total":0.052979,"children":null},"AgentSendState":{"count":12448,"self":0.042712,"total":0.045867,"children":{"CollectObservations":{"count":1383,"self":0.003155,"total":0.003155,"children":null}}},"DecideAction":{"count":12448,"self":110.823872,"total":110.847291,"children":{"AgentInfo.ToProto":{"count":1383,"self":0.023416,"total":0.023416,"children":null}}},"AcademyStep":{"count":12448,"self":0.022213,"total":0.022213,"children":null},"AgentAct":{"count":12448,"self":0.027743,"total":0.027743,"children":null}}}