{"count":1,"gauges":{},"self":53.8502784,"total":208.61145199999999,"children":{"AgentResetIfDone":{"count":10287,"self":0.297218,"total":0.297218,"children":null},"AgentSendState":{"count":10287,"self":1.148691,"total":1.586298,"children":{"CollectObservations":{"count":20574,"self":0.43760699999999997,"total":0.43760699999999997,"children":null}}},"DecideAction":{"count":10287,"self":151.2981504,"total":152.452792,"children":{"AgentInfo.ToProto":{"count":20574,"self":1.154637,"total":1.154637,"children":null}}},"AcademyStep":{"count":10287,"self":0.145195,"total":0.145195,"children":null},"AgentAct":{"count":10287,"self":0.276489,"total":0.276489,"children":null}}}