{"count":1,"gauges":{},"self":228.04572159999998,"total":244.506399,"children":{"AgentResetIfDone":{"count":12007,"self":0.05914,"total":0.05914,"children":null},"AgentSendState":{"count":12007,"self":0.043332999999999997,"total":0.046491,"children":{"CollectObservations":{"count":1334,"self":0.0031579999999999998,"total":0.0031579999999999998,"children":null}}},"DecideAction":{"count":12007,"self":16.27316,"total":16.30263,"children":{"AgentInfo.ToProto":{"count":1334,"self":0.02947,"total":0.02947,"children":null}}},"AcademyStep":{"count":12007,"self":0.022674999999999997,"total":0.022674999999999997,"children":null},"AgentAct":{"count":12007,"self":0.027836,"total":0.027836,"children":null}}}