{"count":1,"self":25.042136,"total":635.01515299999994,"children":{"AgentResetIfDone":{"count":76884,"self":0.324771,"total":0.324771,"children":null},"AgentSendState":{"count":76884,"self":1.613886,"total":2.126455,"children":{"CollectObservations":{"count":184524,"self":0.51256899999999994,"total":0.51256899999999994,"children":null}}},"DecideAction":{"count":76884,"self":604.6596096,"total":605.576073,"children":{"AgentInfo.ToProto":{"count":15377,"self":0.916465,"total":0.916465,"children":null}}},"AcademyStep":{"count":76884,"self":0.16899,"total":0.16899,"children":null},"AgentAct":{"count":76884,"self":1.7748309999999998,"total":1.7748309999999998,"children":null}}}