{"count":1,"self":9.7755616,"total":106.31191,"children":{"AgentResetIfDone":{"count":46584,"self":0.717777,"total":0.717777,"children":null},"AgentSendState":{"count":46584,"self":0.749169,"total":0.82720399999999994,"children":{"CollectObservations":{"count":5176,"self":0.078035,"total":0.078035,"children":null}}},"DecideAction":{"count":46584,"self":93.646387199999992,"total":93.763116,"children":{"AgentInfo.ToProto":{"count":5176,"self":0.11673,"total":0.11673,"children":null}}},"AcademyStep":{"count":46584,"self":0.602773,"total":0.602773,"children":null},"AgentAct":{"count":46584,"self":0.62332999999999994,"total":0.62332999999999994,"children":null}}}