{"count":1,"gauges":{},"self":156.50520319999998,"total":193.902533,"children":{"AgentResetIfDone":{"count":9506,"self":0.069138999999999992,"total":0.069138999999999992,"children":null},"AgentSendState":{"count":9506,"self":0.130984,"total":0.198264,"children":{"CollectObservations":{"count":22824,"self":0.067279999999999993,"total":0.067279999999999993,"children":null}}},"DecideAction":{"count":9506,"self":36.821404799999996,"total":36.891055,"children":{"AgentInfo.ToProto":{"count":1902,"self":0.06965,"total":0.06965,"children":null}}},"AcademyStep":{"count":9506,"self":0.017893,"total":0.017893,"children":null},"AgentAct":{"count":9506,"self":0.218989,"total":0.218989,"children":null}}}