{"count":1,"self":138.2409984,"total":1069.9579959999999,"children":{"AgentResetIfDone":{"count":500001,"self":1.875359,"total":1.875359,"children":null},"AgentSendState":{"count":500001,"self":6.5603488,"total":9.365985,"children":{"CollectObservations":{"count":1200012,"self":2.805636,"total":2.805636,"children":null}}},"DecideAction":{"count":500001,"self":906.5070592,"total":909.91780099999994,"children":{"AgentInfo.ToProto":{"count":100001,"self":3.410698,"total":3.410698,"children":null}}},"AcademyStep":{"count":500001,"self":0.902748,"total":0.902748,"children":null},"AgentAct":{"count":500001,"self":9.65338,"total":9.65338,"children":null}}}