{"count":1,"gauges":{},"self":7.4800384,"total":10.835239,"children":{"AgentResetIfDone":{"count":388,"self":0.0016389999999999998,"total":0.0016389999999999998,"children":null},"AgentSendState":{"count":388,"self":0.0026119999999999997,"total":0.0028859999999999997,"children":{"CollectObservations":{"count":43,"self":0.000274,"total":0.000274,"children":null}}},"DecideAction":{"count":388,"self":3.341595,"total":3.347183,"children":{"AgentInfo.ToProto":{"count":43,"self":0.005588,"total":0.005588,"children":null}}},"AcademyStep":{"count":388,"self":0.00063099999999999994,"total":0.00063099999999999994,"children":null},"AgentAct":{"count":388,"self":0.001036,"total":0.001036,"children":null}}}