{"count":1,"gauges":{},"self":1254.1167616,"total":1534.170057,"children":{"AgentResetIfDone":{"count":76512,"self":0.417936,"total":0.417936,"children":null},"AgentSendState":{"count":76512,"self":1.048411,"total":1.5741319999999999,"children":{"CollectObservations":{"count":183636,"self":0.525721,"total":0.525721,"children":null}}},"DecideAction":{"count":76512,"self":275.4552064,"total":276.08002799999997,"children":{"AgentInfo.ToProto":{"count":15303,"self":0.624809,"total":0.624809,"children":null}}},"AcademyStep":{"count":76512,"self":0.138712,"total":0.138712,"children":null},"AgentAct":{"count":76512,"self":1.8407879999999999,"total":1.8407879999999999,"children":null}}}