{"count":1,"self":3.8087191999999996,"total":7.541206,"children":{"AgentResetIfDone":{"count":6084,"self":0.225093,"total":0.225093,"children":null},"AgentSendState":{"count":6084,"self":0.227206,"total":0.251241,"children":{"CollectObservations":{"count":676,"self":0.024034999999999997,"total":0.024034999999999997,"children":null}}},"DecideAction":{"count":6084,"self":2.840652,"total":2.879477,"children":{"AgentInfo.ToProto":{"count":676,"self":0.038825,"total":0.038825,"children":null}}},"AcademyStep":{"count":6084,"self":0.18256599999999998,"total":0.18256599999999998,"children":null},"AgentAct":{"count":6084,"self":0.19039599999999998,"total":0.19039599999999998,"children":null}}}