{"count":1,"gauges":{},"self":232.3460608,"total":245.08941399999998,"children":{"AgentResetIfDone":{"count":12106,"self":0.034165,"total":0.034165,"children":null},"AgentSendState":{"count":12106,"self":0.036454,"total":0.039102,"children":{"CollectObservations":{"count":1345,"self":0.0026479999999999997,"total":0.0026479999999999997,"children":null}}},"DecideAction":{"count":12106,"self":12.602651199999999,"total":12.625202,"children":{"AgentInfo.ToProto":{"count":1345,"self":0.022550999999999998,"total":0.022550999999999998,"children":null}}},"AcademyStep":{"count":12106,"self":0.019528999999999998,"total":0.019528999999999998,"children":null},"AgentAct":{"count":12106,"self":0.023593,"total":0.023593,"children":null}}}