{"count":1,"gauges":{},"self":185.9357952,"total":198.848796,"children":{"AgentResetIfDone":{"count":9766,"self":0.044357999999999995,"total":0.044357999999999995,"children":null},"AgentSendState":{"count":9766,"self":0.034735999999999996,"total":0.03729,"children":{"CollectObservations":{"count":1085,"self":0.002554,"total":0.002554,"children":null}}},"DecideAction":{"count":9766,"self":12.765334399999999,"total":12.789266999999999,"children":{"AgentInfo.ToProto":{"count":1085,"self":0.023933,"total":0.023933,"children":null}}},"AcademyStep":{"count":9766,"self":0.018057999999999998,"total":0.018057999999999998,"children":null},"AgentAct":{"count":9766,"self":0.022298,"total":0.022298,"children":null}}}