{"count":1,"gauges":{},"self":108.5151104,"total":115.986346,"children":{"AgentResetIfDone":{"count":5626,"self":0.026234,"total":0.026234,"children":null},"AgentSendState":{"count":5626,"self":0.020196,"total":0.021689999999999997,"children":{"CollectObservations":{"count":625,"self":0.0014939999999999999,"total":0.0014939999999999999,"children":null}}},"DecideAction":{"count":5626,"self":7.3836872,"total":7.3987919999999994,"children":{"AgentInfo.ToProto":{"count":625,"self":0.015104999999999999,"total":0.015104999999999999,"children":null}}},"AcademyStep":{"count":5626,"self":0.010052,"total":0.010052,"children":null},"AgentAct":{"count":5626,"self":0.012752999999999999,"total":0.012752999999999999,"children":null}}}