{"count":1,"self":19.7800512,"total":79.122996,"children":{"AgentResetIfDone":{"count":97251,"self":1.526084,"total":1.526084,"children":null},"AgentSendState":{"count":97251,"self":1.5753169999999999,"total":1.740711,"children":{"CollectObservations":{"count":10806,"self":0.16539399999999999,"total":0.16539399999999999,"children":null}}},"DecideAction":{"count":97251,"self":53.246889599999996,"total":53.486368999999996,"children":{"AgentInfo.ToProto":{"count":10806,"self":0.23948,"total":0.23948,"children":null}}},"AcademyStep":{"count":97251,"self":1.274095,"total":1.274095,"children":null},"AgentAct":{"count":97251,"self":1.31359,"total":1.31359,"children":null}}}