{"count":1,"self":16.524544,"total":85.812125,"children":{"AgentResetIfDone":{"count":11851,"self":0.089817,"total":0.089817,"children":null},"AgentSendState":{"count":11851,"self":0.45813,"total":0.624536,"children":{"CollectObservations":{"count":28452,"self":0.166406,"total":0.166406,"children":null}}},"DecideAction":{"count":11851,"self":67.6244864,"total":67.967556,"children":{"AgentInfo.ToProto":{"count":2371,"self":0.34306899999999996,"total":0.34306899999999996,"children":null}}},"AcademyStep":{"count":11851,"self":0.051996999999999995,"total":0.051996999999999995,"children":null},"AgentAct":{"count":11851,"self":0.551777,"total":0.551777,"children":null}}}
