{"count":1,"self":2.9762109999999997,"total":11.888848,"children":{"AgentResetIfDone":{"count":1276,"self":0.068421,"total":0.068421,"children":null},"AgentSendState":{"count":1276,"self":0.588916,"total":1.598249,"children":{"CollectObservations":{"count":8192,"self":1.009333,"total":1.009333,"children":null}}},"DecideAction":{"count":1276,"self":6.8034472,"total":7.03214,"children":{"AgentInfo.ToProto":{"count":256,"self":0.22869299999999998,"total":0.22869299999999998,"children":null}}},"AcademyStep":{"count":1276,"self":0.047448,"total":0.047448,"children":null},"AgentAct":{"count":1276,"self":0.16258699999999998,"total":0.16258699999999998,"children":null}}}