{"count":1,"gauges":{},"self":23.1414096,"total":30.210029,"children":{"AgentResetIfDone":{"count":1316,"self":0.009319,"total":0.009319,"children":null},"AgentSendState":{"count":1316,"self":0.018165999999999998,"total":0.028110999999999997,"children":{"CollectObservations":{"count":3168,"self":0.009944999999999999,"total":0.009944999999999999,"children":null}}},"DecideAction":{"count":1316,"self":6.9786392,"total":6.9928,"children":{"AgentInfo.ToProto":{"count":264,"self":0.014161,"total":0.014161,"children":null}}},"AcademyStep":{"count":1316,"self":0.002548,"total":0.002548,"children":null},"AgentAct":{"count":1316,"self":0.033995,"total":0.033995,"children":null}}}