{"count":1,"self":1.858528,"total":26.99183,"children":{"AgentResetIfDone":{"count":1667,"self":0.014872,"total":0.014872,"children":null},"AgentSendState":{"count":1667,"self":0.057005999999999994,"total":0.078518999999999992,"children":{"CollectObservations":{"count":4008,"self":0.021512999999999997,"total":0.021512999999999997,"children":null}}},"DecideAction":{"count":1667,"self":24.9079296,"total":24.969286999999998,"children":{"AgentInfo.ToProto":{"count":334,"self":0.061357999999999996,"total":0.061357999999999996,"children":null}}},"AcademyStep":{"count":1667,"self":0.007254,"total":0.007254,"children":null},"AgentAct":{"count":1667,"self":0.060224999999999994,"total":0.060224999999999994,"children":null}}}