{"count":1,"gauges":{},"self":1357.8469376,"total":1601.057902,"children":{"AgentResetIfDone":{"count":79851,"self":0.5372,"total":0.5372,"children":null},"AgentSendState":{"count":79851,"self":1.224977,"total":1.8685429999999998,"children":{"CollectObservations":{"count":191652,"self":0.643566,"total":0.643566,"children":null}}},"DecideAction":{"count":79851,"self":237.82671359999998,"total":238.391405,"children":{"AgentInfo.ToProto":{"count":15971,"self":0.56468,"total":0.56468,"children":null}}},"AcademyStep":{"count":79851,"self":0.166701,"total":0.166701,"children":null},"AgentAct":{"count":79851,"self":2.245342,"total":2.245342,"children":null}}}