{"count":1,"gauges":{},"self":123.7965696,"total":134.011113,"children":{"AgentResetIfDone":{"count":6508,"self":0.031272,"total":0.031272,"children":null},"AgentSendState":{"count":6508,"self":0.023691999999999998,"total":0.025432999999999997,"children":{"CollectObservations":{"count":723,"self":0.001741,"total":0.001741,"children":null}}},"DecideAction":{"count":6508,"self":10.112503199999999,"total":10.129188,"children":{"AgentInfo.ToProto":{"count":723,"self":0.016685,"total":0.016685,"children":null}}},"AcademyStep":{"count":6508,"self":0.0118,"total":0.0118,"children":null},"AgentAct":{"count":6508,"self":0.015082,"total":0.015082,"children":null}}}