{"count":1,"gauges":{},"self":200.39348479999998,"total":14849.880016,"children":{"AgentResetIfDone":{"count":152518,"self":3.3597099999999998,"total":3.3597099999999998,"children":null},"AgentSendState":{"count":152518,"self":71.8877888,"total":111.630513,"children":{"CollectObservations":{"count":3050360,"self":39.742726399999995,"total":39.742726999999995,"children":null}}},"DecideAction":{"count":152518,"self":10333.7664512,"total":14523.777257,"children":{"AgentInfo.ToProto":{"count":305036,"self":4190.0105728,"total":4190.010667,"children":null}}},"AcademyStep":{"count":152518,"self":1.9196529999999998,"total":1.9196529999999998,"children":null},"AgentAct":{"count":152518,"self":8.7959079999999989,"total":8.7959079999999989,"children":null}}}