
{"count":1,"self":194.92840959999998,"total":197.995372,"children":{"AgentResetIfDone":{"count":9756,"self":0.342489,"total":0.342489,"children":null},"AgentSendState":{"count":9756,"self":0.613437,"total":1.060035,"children":{"CollectObservations":{"count":23424,"self":0.446598,"total":0.446598,"children":null}}},"DecideAction":{"count":9756,"self":0.545096,"total":0.545096,"children":null},"AcademyStep":{"count":9756,"self":0.131775,"total":0.131775,"children":null},"AgentAct":{"count":9756,"self":0.97351199999999993,"total":0.97351199999999993,"children":null}}}

{"count":1,"gauges":{},"self":9.7622527999999988,"total":13.489448999999999,"children":{"AgentResetIfDone":{"count":523,"self":0.001993,"total":0.001993,"children":null},"AgentSendState":{"count":523,"self":0.0029779999999999997,"total":0.00327,"children":{"CollectObservations":{"count":58,"self":0.000292,"total":0.000292,"children":null}}},"DecideAction":{"count":523,"self":3.7124599999999996,"total":3.71779,"children":{"AgentInfo.ToProto":{"count":58,"self":0.00533,"total":0.00533,"children":null}}},"AcademyStep":{"count":523,"self":0.00086,"total":0.00086,"children":null},"AgentAct":{"count":523,"self":0.00137,"total":0.00137,"children":null}}}
