{"count":1,"self":6.039476,"total":26.259697,"children":{"AgentResetIfDone":{"count":10501,"self":0.39188399999999995,"total":0.39188399999999995,"children":null},"AgentSendState":{"count":10501,"self":0.394376,"total":0.43728799999999995,"children":{"CollectObservations":{"count":1167,"self":0.042912,"total":0.042912,"children":null}}},"DecideAction":{"count":10501,"self":18.674411199999998,"total":18.739031,"children":{"AgentInfo.ToProto":{"count":1167,"self":0.06462,"total":0.06462,"children":null}}},"AcademyStep":{"count":10501,"self":0.31862399999999996,"total":0.31862399999999996,"children":null},"AgentAct":{"count":10501,"self":0.32942499999999997,"total":0.32942499999999997,"children":null}}}