{"count":1,"self":26.405907199999998,"total":196.097036,"children":{"AgentResetIfDone":{"count":79651,"self":0.42566499999999996,"total":0.42566499999999996,"children":null},"AgentSendState":{"count":79651,"self":1.297597,"total":1.7425309999999998,"children":{"CollectObservations":{"count":191172,"self":0.444934,"total":0.444934,"children":null}}},"DecideAction":{"count":79651,"self":165.3588352,"total":165.93881399999998,"children":{"AgentInfo.ToProto":{"count":15931,"self":0.579977,"total":0.579977,"children":null}}},"AcademyStep":{"count":79651,"self":0.142116,"total":0.142116,"children":null},"AgentAct":{"count":79651,"self":1.440159,"total":1.440159,"children":null}}}