{"count":1,"self":70.9248384,"total":189.74310599999998,"children":{"AgentResetIfDone":{"count":421084,"self":5.915792,"total":5.915792,"children":null},"AgentSendState":{"count":421084,"self":6.1165768,"total":6.752719,"children":{"CollectObservations":{"count":46787,"self":0.636142,"total":0.636142,"children":null}}},"DecideAction":{"count":421084,"self":95.036704,"total":95.912905,"children":{"AgentInfo.ToProto":{"count":46787,"self":0.87620199999999993,"total":0.87620199999999993,"children":null}}},"AcademyStep":{"count":421084,"self":5.07362,"total":5.07362,"children":null},"AgentAct":{"count":421084,"self":5.1613592,"total":5.161359,"children":null}}}