,average_reward,cumulative_reward,kickable_percentages,time_steps,why
0,[-0.3341987250380696],[-166.43096388174214],0.0,499.0,OutOfTime
1,[-0.3365460895887869],[-167.58825663663754],0.0,499.0,OutOfTime
2,[-0.3301355745332139],[-164.40751620606923],0.0,499.0,OutOfTime
