,average_reward,cumulative_reward,kickable_percentages,time_steps,why
0,[-5.369178774995103],[-2689.9585662725467],0.0,501.0,OutOfTime
1,[-100.6474294152298],[-50223.06727819967],0.0,499.0,OutOfTime
2,[-3.3734957332495035],[-1683.3743708915022],0.0,499.0,OutOfTime
3,[-4.149333631233601],[-2070.517481985567],0.0,499.0,OutOfTime
4,[-6.585855610114666],[-3286.341949447218],0.0,499.0,OutOfTime
5,[-1.121754589132624],[-559.7555399771793],0.0,499.0,OutOfTime
